item,n_reference,n_focal,anchor_strategy,is_anchor,alpha_mh,delta_mh,chi2_mh,p_mh,lr_uniform,p_uniform,lr_nonuniform,p_nonuniform,coef_group,delta_r2_nagelkerke,status,p_mh_bh,p_uniform_bh,p_nonuniform_bh,ets_class,flag_uniform,flag_nonuniform,flagged,review_state,analysis
A01,968,1032,all_other_items,False,0.8275758537758292,0.44474809788348324,1.9423293671647637,0.1634158381202183,2.130217350729481,0.14442027626260012,0.09118562065327751,0.7626752610484047,0.1895059143136423,0.0021121864170386695,computed,0.5690568653957698,0.5426212570999215,0.9191072107196335,A,False,False,False,no_action,all_other_items
A02,968,1032,all_other_items,False,0.9496770865004523,0.12133816362397014,0.1139228933793745,0.7357214287203553,0.14877457126226545,0.6997091831081779,0.8675405505937306,0.35163708919872605,0.04947053616720888,0.0010443574215954765,computed,0.93597983162386,0.8642954003160706,0.9191072107196335,A,False,False,False,no_action,all_other_items
A03,968,1032,all_other_items,False,0.9944878793744057,0.012989315787216044,0.00115955613503805,0.9728354806188163,0.009413299409061437,0.9227087968322926,0.49753400447275453,0.4805856678205985,0.01394589711510208,0.00048158726341845925,computed,0.9998199622460171,0.9417313870014161,0.9191072107196335,A,False,False,False,no_action,all_other_items
A04,968,1032,all_other_items,False,0.9565847505533888,0.10430683953068044,0.05791398590344171,0.8098238765691115,0.17226882336581184,0.6781032542240656,1.1072634752554222,0.2926775827625966,0.05940716425943497,0.0011119176701190336,computed,0.93597983162386,0.8642954003160706,0.9191072107196335,A,False,False,False,no_action,all_other_items
A05,968,1032,all_other_items,False,1.0351376550584492,-0.08115588213569203,0.03202102852215048,0.8579815123218717,0.03565244008495938,0.8502350423977117,0.41036802841335884,0.5217827677707574,-0.026212100172668295,0.00036017760746226424,computed,0.93597983162386,0.9275291371611402,0.9191072107196335,A,False,False,False,no_action,all_other_items
A06,968,1032,all_other_items,False,1.0828232261576722,-0.18699356225268204,0.18764228957785856,0.664886206619217,0.1659994198921595,0.6836920030633824,0.8919592301108423,0.3449469268707719,-0.06298950942261246,0.0009577253817878995,computed,0.93597983162386,0.8642954003160706,0.9191072107196335,A,False,False,False,no_action,all_other_items
A07,968,1032,all_other_items,False,1.3242252307957971,-0.659944758811809,3.4964837068485393,0.061499276939628734,3.381639961909059,0.06592642586166007,0.12784759945520818,0.720674243784395,-0.2610983800107237,0.003247512122769025,computed,0.5690568653957698,0.5274114068932806,0.9191072107196335,A,False,False,False,no_action,all_other_items
A08,968,1032,all_other_items,False,0.7883406040487148,0.5588888530991258,3.206596887065905,0.07334188023943353,3.8764844287989035,0.04896699015528166,0.3387754782047523,0.5605368932828387,0.25080533010780187,0.004127061537609389,computed,0.5690568653957698,0.5274114068932806,0.9191072107196335,A,False,False,False,no_action,all_other_items
A09,968,1032,all_other_items,False,1.043303463840343,-0.09962140343272632,0.08122745785220992,0.7756408383845119,0.22247285717389786,0.6371621506346115,0.49736999363881296,0.4806580091833147,-0.05765051572846374,0.0006946586980277336,computed,0.93597983162386,0.8642954003160706,0.9191072107196335,A,False,False,False,no_action,all_other_items
A10,968,1032,all_other_items,False,1.1191732266545884,-0.2645870222246858,0.6236111002773475,0.42970853540469633,0.7446193829689491,0.38818513131494403,0.5736260037488137,0.4488216260671747,-0.11399474758894033,0.0011226317478570946,computed,0.851693083677187,0.7364960982449646,0.9191072107196335,A,False,False,False,no_action,all_other_items
A11,968,1032,all_other_items,False,1.2808337555807534,-0.5816514079572579,2.6363678590577915,0.10444207555509315,2.562369512239229,0.10943445096074798,1.3666822536906693,0.2423827373152026,-0.23242485839841515,0.003490935192061284,computed,0.5690568653957698,0.5426212570999215,0.9191072107196335,A,False,False,False,no_action,all_other_items
A12,968,1032,all_other_items,False,0.9059000896266627,0.23224170012021306,0.5426567749313597,0.4613337536584763,0.8188074590143515,0.36552906762674,0.018942483648515918,0.8905315043933625,0.11107547899354216,0.000804836741075593,computed,0.851693083677187,0.7364960982449646,0.9191072107196335,A,False,False,False,no_action,all_other_items
A13,968,1032,all_other_items,False,0.9137306559794636,0.2120156794620337,0.2905035520962525,0.58989802285627,0.5217984306125345,0.4700755293446167,0.21940706277155186,0.6394920786058826,0.1059557709028208,0.0005922885458555793,computed,0.93597983162386,0.7521208469513868,0.9191072107196335,A,False,False,False,no_action,all_other_items
A14,968,1032,all_other_items,False,0.9488130722335106,0.12347716198343407,0.11489490786312527,0.7346387231343825,0.1257010088474999,0.7229316994162573,1.1499042706873297,0.283569190009835,0.045977428078494684,0.0011041274123703149,computed,0.93597983162386,0.8642954003160706,0.9191072107196335,A,False,False,False,no_action,all_other_items
A15,968,1032,all_other_items,False,0.8569146692902903,0.3628797959133147,1.1813250033934826,0.2770864162155896,1.790430230941638,0.1808737523666405,0.1323959165811175,0.7159606909690592,0.17750981755837808,0.0020657623173194195,computed,0.8312592486467688,0.5426212570999215,0.9191072107196335,A,False,False,False,no_action,all_other_items
A16,968,1032,all_other_items,False,0.8816945628161584,0.29588752149106406,0.8730803206787172,0.35010395486716794,0.8258937182974933,0.36346259704555817,0.15847445037434227,0.6905649542453398,0.11415048347136755,0.0008985473600068294,computed,0.8402494916812031,0.7364960982449646,0.9191072107196335,A,False,False,False,no_action,all_other_items
A17,968,1032,all_other_items,False,0.8292689526110304,0.4399452537881006,1.9189276924106975,0.16597491907376621,2.464818723022745,0.11642113332392133,0.02114768076035034,0.8843773628012476,0.20081857733288716,0.002475425350071392,computed,0.5690568653957698,0.5426212570999215,0.9191072107196335,A,False,False,False,no_action,all_other_items
A18,968,1032,all_other_items,False,1.0485423264120015,-0.11139220684496266,0.032772385992464945,0.8563428900862933,0.09634678742838787,0.7562584752765618,0.025176956740779133,0.8739269191670902,-0.053917036492454815,9.784331314821593e-05,computed,0.93597983162386,0.8642954003160706,0.9191072107196335,A,False,False,False,no_action,all_other_items
A19,968,1032,all_other_items,False,1.3430171586096138,-0.6930589304025291,2.1796291269647794,0.13984815830617983,1.9264291049573785,0.1651496487863764,0.3672941414245088,0.5444828998493404,-0.25790662843817946,0.0035244779991381037,computed,0.5690568653957698,0.5426212570999215,0.9191072107196335,A,False,False,False,no_action,all_other_items
A20,968,1032,all_other_items,False,0.9099906855669001,0.2216541506363282,0.40786742374987933,0.523053906181749,0.6238431456977196,0.42962272397622936,0.6681057533312469,0.41371280812908684,0.10509307106259054,0.001084121163623275,computed,0.8966638391687125,0.7364960982449646,0.9191072107196335,A,False,False,False,no_action,all_other_items
A21,968,1032,all_other_items,False,1.1601518593230498,-0.3490946379346194,0.9163307213289669,0.3384402530167561,0.8463319021748248,0.35759210019580234,0.19028042077593454,0.6626833281844164,-0.1330977056102111,0.0009374667125939817,computed,0.8402494916812031,0.7364960982449646,0.9191072107196335,A,False,False,False,no_action,all_other_items
A22,968,1032,all_other_items,False,1.314151747911191,-0.6419997873379977,4.190001536575337,0.04066306041639042,3.734612009416196,0.053296043149098325,0.04548185700741669,0.8311204602558834,-0.24955038516290667,0.0033586487262988185,computed,0.5690568653957698,0.5274114068932806,0.9191072107196335,A,False,False,False,no_action,all_other_items
A23,968,1032,all_other_items,False,1.123741872986309,-0.2741605756149432,0.5626163548000266,0.45320799014737045,0.6250124975736071,0.4291906864656694,0.010314106032865311,0.9191072107196334,-0.11239214171471598,0.0004681471928575376,computed,0.851693083677187,0.7364960982449646,0.9191072107196335,A,False,False,False,no_action,all_other_items
A24,968,1032,all_other_items,False,0.9922097409952153,0.018378789739088526,5.091515346560852e-08,0.9998199622460171,0.005342719828149711,0.9417313870014161,1.3437534298616356,0.24637312642058545,0.009083764400693719,0.0013172146076504687,computed,0.9998199622460171,0.9417313870014161,0.9191072107196335,A,False,False,False,no_action,all_other_items
