item,a,d,b,se_a,se_d,se_b,n_obs,item_version_id
A01,0.8817091251601604,0.6885057026830632,-0.7808762357517823,0.06743136484849085,0.05632963270887098,0.0769809746274892,1964,math6-A01-v1
A02,0.40487664194695444,-0.7278208594672211,1.797636079886717,0.05935012957905494,0.05274553925472834,0.2782604347306309,1959,math6-A02-v1
A03,1.089919824174497,1.272193106091082,-1.1672354955600872,0.08164517666327502,0.06939860512794495,0.08228531635368974,1968,math6-A03-v1
A04,1.2544204931394205,-0.996501026136902,0.7943915390308818,0.08417053114246795,0.0673030846726742,0.06010503555204327,1971,math6-A04-v1
A05,1.4164227376700556,-0.5446215872536027,0.38450497352893237,0.09116568265722627,0.06485727345072037,0.04679705841008612,1969,math6-A05-v1
A06,1.4471070358277969,1.4904059094378808,-1.029920988937294,0.09605470039690531,0.08161849257845863,0.061994763615098994,1962,math6-A06-v1
A07,1.1172097280815094,1.1455431940817467,-1.0253609195194637,0.08233355240876929,0.0675826373013562,0.07547908583134995,1966,math6-A07-v1
A08,0.473446941616883,0.5554486170113243,-1.1732014048171795,0.060126848792476595,0.05245807804784719,0.1748116161622923,1965,math6-A08-v1
A09,0.605615167227372,-0.15681408528762217,0.2589335501710576,0.05784551008587533,0.04966128110794825,0.08465688775086523,1956,math6-A09-v1
A10,1.0600451884392597,-0.3320116080498475,0.3132051460359717,0.07263828901557184,0.05706783558051613,0.05523157938901871,1964,math6-A10-v1
A11,1.330560771312706,1.2135790779051885,-0.9120809090951137,0.09179326407004094,0.07407946145700059,0.062236197820482515,1958,math6-A11-v1
A12,0.4477613370511598,-0.13492851085368154,0.30134024465418513,0.06026402627999184,0.05204003796621531,0.12099731526139552,1958,math6-A12-v1
A13,1.6856202974818748,1.0761222221207924,-0.6384131845875354,0.1095884726027275,0.07910396404164188,0.046927304241571,1955,math6-A13-v1
A14,1.0234998317518804,-0.18026932497729542,0.17613029273169123,0.07206320894666347,0.05567168415849117,0.05509995948085682,1951,math6-A14-v1
A15,0.37575690359042907,-0.8605595722190728,2.290202958338919,0.061144108949941614,0.054520105042146196,0.38257235396454725,1961,math6-A15-v1
A16,0.8472201665485897,0.15665270255175223,-0.18490199919334416,0.06519184131420029,0.05277780949301314,0.06323795845178115,1961,math6-A16-v1
A17,0.6808074412017812,0.692796463859508,-1.017610005314518,0.06278846005722201,0.05366378698419554,0.10960083541998937,1955,math6-A17-v1
A18,2.4060924104548866,-2.157184956037881,0.8965511659753965,0.16983951816680246,0.13447221157263425,0.0449651282373693,1965,math6-A18-v1
A19,0.3818240145664606,-2.0432961778446783,5.3514082401672,0.08117136113957661,0.07644983348503778,1.099822541197247,1954,math6-A19-v1
A20,1.1406758701260904,-0.31125767278412797,0.27287126951297874,0.07702456063266035,0.05797526226761029,0.05218906172604034,1958,math6-A20-v1
A21,1.276726795754257,1.1632583665988618,-0.9111255207200685,0.08741254942882017,0.0707988070800125,0.06348651489546848,1958,math6-A21-v1
A22,1.0519863524995772,-0.3247066114629522,0.30866047899902077,0.07265938462234708,0.05673381549694214,0.05553522783802189,1959,math6-A22-v1
A23,1.6849121241275151,-0.2792751305319158,0.16575056142855563,0.10217655669655826,0.06878237227928828,0.040727602200961006,1952,math6-A23-v1
A24,0.4325837341496546,-0.32760212927501675,0.7573149506395473,0.05961995170648944,0.05162904340137499,0.15442011536974706,1961,math6-A24-v1
