item,bin,theta_mean,n,observed,expected
A01,0,-1.5009670704025715,247,0.21052631578947367,0.275527473853786
A01,1,-0.8693368605906523,248,0.4032258064516129,0.42282114417202304
A01,2,-0.47791016510685747,246,0.532520325203252,0.523744444298215
A01,3,-0.16393205332282204,241,0.6348547717842323,0.6037032529220919
A01,4,0.1503410958188183,244,0.6844262295081968,0.678545582338308
A01,5,0.4718225932362845,243,0.7242798353909465,0.7466365867476523
A01,6,0.8594800766220877,246,0.8211382113821138,0.8150394451314065
A01,7,1.5305945094013282,243,0.9382716049382716,0.8984050501734467
A02,0,-1.4989066222974583,244,0.04918032786885246,0.07667829265251322
A02,1,-0.8700970067016035,243,0.11934156378600823,0.15260951139411208
A02,2,-0.47561616013835895,243,0.24279835390946503,0.2264154000847527
A02,3,-0.16362833927785364,246,0.2804878048780488,0.30056704720733396
A02,4,0.1476463846056198,244,0.4262295081967213,0.3866508284265539
A02,5,0.46959951488338003,245,0.4204081632653061,0.48373568175524345
A02,6,0.8592835022259542,243,0.6748971193415638,0.602197595701699
A02,7,1.5308669811095006,246,0.8130081300813008,0.7758016578730715
A03,0,-1.5014213369679572,245,0.3142857142857143,0.3745395188387618
A03,1,-0.8695487046257734,246,0.540650406504065,0.5604051056116416
A03,2,-0.4747569749095895,243,0.6625514403292181,0.6714831236009949
A03,3,-0.16269753597562367,247,0.708502024291498,0.7480168437034723
A03,4,0.15048455504049407,248,0.8467741935483871,0.8119251758316565
A03,5,0.4697579142220748,247,0.8825910931174089,0.8634632268122799
A03,6,0.8577376549824537,241,0.9543568464730291,0.9095625953382019
A03,7,1.5261758482938426,244,0.9508196721311475,0.9572063119260863
A04,0,-1.5035225458864583,236,0.05508474576271186,0.07431256638281443
A04,1,-0.8679274232275856,247,0.11740890688259109,0.1328392193215922
A04,2,-0.47580360568612995,247,0.15789473684210525,0.18581501334445916
A04,3,-0.1631393655824025,248,0.24193548387096775,0.23874563234584303
A04,4,0.14908664668444996,245,0.2693877551020408,0.3010827321422321
A04,5,0.4698540069048698,246,0.45121951219512196,0.3737781562465458
A04,6,0.8580814170554769,245,0.47346938775510206,0.46969853691562796
A04,7,1.526694141213831,248,0.6733870967741935,0.6360785797956923
A05,0,-1.4982897019530692,242,0.045454545454545456,0.06338377173851786
A05,1,-0.8652657943625021,244,0.11885245901639344,0.14464507155685968
A05,2,-0.4775435575641581,245,0.2163265306122449,0.22858939918151075
A05,3,-0.1639437494613691,244,0.29098360655737704,0.3180841112319683
A05,4,0.15041558205336067,247,0.43724696356275305,0.423654587080197
A05,5,0.46918821535611804,247,0.5425101214574899,0.5382744958407955
A05,6,0.8589838726295579,245,0.689795918367347,0.6720205460935884
A05,7,1.5283648379973411,243,0.9094650205761317,0.8436670658602562
A06,0,-1.4980646476528332,249,0.26104417670682734,0.36702833832845166
A06,1,-0.8695541484419778,246,0.5853658536585366,0.5728535419295575
A06,2,-0.47619787922875356,246,0.6869918699186992,0.6938702393439422
A06,3,-0.1631353211470491,246,0.7967479674796748,0.774854709024032
A06,4,0.15062774454069183,245,0.8408163265306122,0.8395007169558726
A06,5,0.4705716049323742,243,0.9053497942386831,0.8890774201999039
A06,6,0.858649190218228,247,0.9473684210526315,0.930802498737114
A06,7,1.5331708048475587,244,0.9754098360655737,0.9706580232813916
A07,0,-1.4984397940513725,244,0.29918032786885246,0.37980976074815714
A07,1,-0.8708011115086385,247,0.5668016194331984,0.5634194747331255
A07,2,-0.4766734901787389,247,0.6558704453441295,0.673296419791472
A07,3,-0.1643771600647429,245,0.7755102040816326,0.7491393281994789
A07,4,0.14870887071633468,245,0.8285714285714286,0.8124273202519925
A07,5,0.4691186458226371,246,0.8536585365853658,0.863702782903893
A07,6,0.8590479306542046,249,0.9076305220883534,0.9096595832611322
A07,7,1.5281174845850491,248,0.9838709677419355,0.9570614559177765
A08,0,-1.4959151841371776,248,0.16532258064516128,0.21953621675929225
A08,1,-0.8699512600994391,248,0.3346774193548387,0.3986500493017326
A08,2,-0.47673639386214395,248,0.5282258064516129,0.5318138424961513
A08,3,-0.16363791062058441,247,0.680161943319838,0.6355788878200915
A08,4,0.15012046132553009,242,0.7479338842975206,0.72828296632948
A08,5,0.46944477791977796,245,0.8,0.805847961581234
A08,6,0.8590898394374997,247,0.902834008097166,0.8761954612540859
A08,7,1.527274648975781,243,0.9629629629629629,0.9464441077396335
A09,0,-1.4991326815379806,246,0.3089430894308943,0.2836318490090867
A09,1,-0.8686146721862625,246,0.2967479674796748,0.35139491303567816
A09,2,-0.47582865464987417,245,0.4,0.39710281216750365
A09,3,-0.16292021224364292,245,0.42448979591836733,0.43489211283180407
A09,4,0.15106490658098648,245,0.49387755102040815,0.4735870137668853
A09,5,0.4697763616033162,246,0.45528455284552843,0.5131891064627405
A09,6,0.8568591917440637,243,0.5596707818930041,0.561017837686272
A09,7,1.5254352747069253,246,0.7195121951219512,0.6405672074884537
A10,0,-1.4978475136856728,243,0.08641975308641975,0.12229346853310305
A10,1,-0.86988746111055,248,0.18548387096774194,0.21409272147219235
A10,2,-0.4770288910331663,248,0.2661290322580645,0.292974071133
A10,3,-0.16276902574088822,248,0.40725806451612906,0.36691954057819276
A10,4,0.15012946657076295,242,0.45454545454545453,0.44735085486411263
A10,5,0.4704358584662302,248,0.5040322580645161,0.53260464035346
A10,6,0.862663280770932,241,0.6970954356846473,0.633990903711344
A10,7,1.5295243259315021,248,0.8024193548387096,0.7792617150403337
A11,0,-1.4917779430326528,241,0.3029045643153527,0.3624027759037095
A11,1,-0.8690246018623068,248,0.5040322580645161,0.5383089763940947
A11,2,-0.47575255386874565,247,0.6396761133603239,0.6473167506994226
A11,3,-0.16527472106835528,247,0.7530364372469636,0.7242160645447215
A11,4,0.15059556127780482,244,0.7868852459016393,0.7908241164568173
A11,5,0.4716161397384374,246,0.8577235772357723,0.8455700284477542
A11,6,0.8569648927286895,244,0.9098360655737705,0.8951872529908697
A11,7,1.525126426409622,248,0.9637096774193549,0.9486187438554377
A12,0,-1.500415985196269,242,0.05371900826446281,0.0762844537204351
A12,1,-0.8683724274567486,247,0.1417004048582996,0.18659937933523
A12,2,-0.47581580581842875,242,0.2727272727272727,0.3020180576256015
A12,3,-0.16392335251959128,244,0.42213114754098363,0.417378632376797
A12,4,0.1512022818026351,245,0.49387755102040815,0.5438483955592703
A12,5,0.4715110921433755,245,0.7714285714285715,0.6667701161416136
A12,6,0.8591336868318185,248,0.8145161290322581,0.7892133885793335
A12,7,1.532372325563831,244,0.9344262295081968,0.9174698462640741
A13,0,-1.4986342496611487,244,0.0778688524590164,0.14803086787400005
A13,1,-0.8678689620347534,245,0.3510204081632653,0.35987373085493707
A13,2,-0.4780422384943915,244,0.5204918032786885,0.5373750719263649
A13,3,-0.16349921367146553,249,0.6546184738955824,0.6759727796906029
A13,4,0.14945290070983577,246,0.7967479674796748,0.7888336569645432
A13,5,0.4710477375567767,244,0.9221311475409836,0.8717568400435486
A13,6,0.8586197116968075,249,0.9518072289156626,0.9332723029048745
A13,7,1.5362808305403586,243,0.9958847736625515,0.9801518028466691
A14,0,-1.495566939423402,245,0.16326530612244897,0.200375001644178
A14,1,-0.86932943958423,242,0.26859504132231404,0.3020339329864984
A14,2,-0.4770590197752635,248,0.3709677419354839,0.37861765799389485
A14,3,-0.16467857162645475,242,0.4090909090909091,0.4445037860845793
A14,4,0.1494775577999991,247,0.5870445344129555,0.5127877958808587
A14,5,0.4700766831416242,247,0.6072874493927125,0.5819658606223045
A14,6,0.8587925385737605,245,0.6448979591836734,0.6614940107784686
A14,7,1.5298349595362828,243,0.8106995884773662,0.7782276150962436
A15,0,-1.5009493437522803,244,0.040983606557377046,0.05856948882857862
A15,1,-0.8692272496347793,244,0.11065573770491803,0.11676970081677539
A15,2,-0.4770339344666176,244,0.1557377049180328,0.17430821193055138
A15,3,-0.1644585483546934,244,0.24180327868852458,0.23461825427172103
A15,4,0.14960097144826692,247,0.27530364372469635,0.30838882372218596
A15,5,0.47120103668372826,244,0.4139344262295082,0.39558095931503756
A15,6,0.8590803479892546,246,0.5121951219512195,0.5097302439960719
A15,7,1.5268709884689193,245,0.7755102040816326,0.6975733884759079
A16,0,-1.4987211308443613,248,0.27419354838709675,0.2793659411364626
A16,1,-0.8695479021786663,244,0.3237704918032787,0.3862738942804402
A16,2,-0.4772303426949733,247,0.4817813765182186,0.4598794234341912
A16,3,-0.1647504925562197,242,0.4669421487603306,0.5199525666205123
A16,4,0.15037983384618386,242,0.5743801652892562,0.5799516429101589
A16,5,0.47125233963816865,244,0.680327868852459,0.6386985380609503
A16,6,0.8595457106816654,242,0.6983471074380165,0.7044947612727669
A16,7,1.529505813809719,247,0.8623481781376519,0.7997634195799499
A17,0,-1.5039948954958877,238,0.3487394957983193,0.4096248316413706
A17,1,-0.8675644942689292,245,0.4897959183673469,0.5289887812642183
A17,2,-0.47733826910474614,245,0.6775510204081633,0.6014184093248408
A17,3,-0.1646410934542072,242,0.6322314049586777,0.6565605175157829
A17,4,0.15017625286091857,244,0.6557377049180327,0.708112315523665
A17,5,0.47064608322475704,249,0.8232931726907631,0.7556064209017863
A17,6,0.8592950598117296,245,0.8204081632653061,0.8057833286812313
A17,7,1.5320155364885895,239,0.8702928870292888,0.8734599993552116
A18,0,-1.4959233299730754,244,0.0,0.0036295697620593315
A18,1,-0.8679430438104653,245,0.00816326530612245,0.01597235616555148
A18,2,-0.4772631946557116,245,0.0163265306122449,0.03949767926439404
A18,3,-0.16422156784979222,248,0.06854838709677419,0.07970469361030197
A18,4,0.15095395804421788,244,0.15163934426229508,0.15493074176507837
A18,5,0.4699971031784016,245,0.2612244897959184,0.2814436080647037
A18,6,0.856907582199195,244,0.5245901639344263,0.4958248793072326
A18,7,1.5319297964397598,246,0.9146341463414634,0.8305374051219492
A19,0,-1.4920666185821276,241,0.012448132780082987,0.009151901463323097
A19,1,-0.8693975648044218,245,0.024489795918367346,0.0218775065961487
A19,2,-0.4776451875174633,248,0.024193548387096774,0.03755246474330802
A19,3,-0.1637112761916405,243,0.04938271604938271,0.05744119387498336
A19,4,0.1499832505238365,244,0.06147540983606557,0.08688529726919936
A19,5,0.4704890557923713,247,0.13765182186234817,0.13044451448905067
A19,6,0.8588396197830814,245,0.22448979591836735,0.20661840393757283
A19,7,1.5288514628252823,248,0.47580645161290325,0.4028118893267716
A20,0,-1.4975318529302255,248,0.11290322580645161,0.14477694706961347
A20,1,-0.8692952472338534,246,0.23983739837398374,0.2536392504573731
A20,2,-0.47638607499694186,242,0.29338842975206614,0.34446453802773513
A20,3,-0.16673915858900284,241,0.3983402489626556,0.4255611122752062
A20,4,0.14969698362838876,245,0.5795918367346938,0.5127527081914942
A20,5,0.47049700810843176,245,0.5959183673469388,0.6003370285928069
A20,6,0.8597389114705201,244,0.7418032786885246,0.6981779684511628
A20,7,1.5293914696980533,244,0.8524590163934426,0.8294096551068573
A21,0,-1.4931730783986283,245,0.3551020408163265,0.38373508956060026
A21,1,-0.8681233999741506,245,0.49795918367346936,0.548843298235439
A21,2,-0.47572675603015663,246,0.6260162601626016,0.6494084337110404
A21,3,-0.16294803793168908,245,0.726530612244898,0.7214314732593071
A21,4,0.14904744619329033,244,0.7704918032786885,0.7834468956066701
A21,5,0.4711060220248017,248,0.8790322580645161,0.8362989105858564
A21,6,0.8580324256395556,245,0.9224489795918367,0.8854946072160322
A21,7,1.5257540902741646,247,0.9392712550607287,0.9405298546106129
A22,0,-1.4937492695493344,244,0.0778688524590164,0.10819122265640206
A22,1,-0.8659443900408402,243,0.22633744855967078,0.19618532967359073
A22,2,-0.475574946018693,244,0.22131147540983606,0.27375698312291424
A22,3,-0.16193257248547482,246,0.3048780487804878,0.3483245020177827
A22,4,0.1513216069863185,243,0.45267489711934156,0.4310391350975905
A22,5,0.4732446631526756,245,0.5387755102040817,0.5201988071354183
A22,6,0.8595119588967267,246,0.6504065040650406,0.6250260233655358
A22,7,1.5262237905111333,244,0.8237704918032787,0.7778707488993241
A23,0,-1.4945801727275747,245,0.036734693877551024,0.06530014337585242
A23,1,-0.8656603577066474,244,0.13114754098360656,0.15927820191848985
A23,2,-0.4761929587681636,244,0.2459016393442623,0.26002924665294086
A23,3,-0.16234061077011547,247,0.3724696356275304,0.36633577019039265
A23,4,0.14985735134716915,244,0.47540983606557374,0.4868166822688987
A23,5,0.4693107875676692,243,0.6296296296296297,0.6115867310968556
A23,6,0.8574022696132712,242,0.756198347107438,0.7445201201669922
A23,7,1.5300137155857887,249,0.9518072289156626,0.8944028382637926
A24,0,-1.4949686466046546,245,0.02040816326530612,0.06925137275909643
A24,1,-0.8706436830757097,239,0.10460251046025104,0.15359917187553848
A24,2,-0.4766913467753335,249,0.24497991967871485,0.24157892010020182
A24,3,-0.16268046045390477,241,0.3278008298755187,0.3327878203498033
A24,4,0.1496450882271415,247,0.4898785425101215,0.43792926844746605
A24,5,0.46977917469076463,246,0.556910569105691,0.5517178162169935
A24,6,0.8576787855572262,245,0.726530612244898,0.6816953624017853
A24,7,1.5305461688075999,244,0.860655737704918,0.8484502057504804
