CO_POSICAO,CO_ITEM,NU_PARAM_A,NU_PARAM_B,NU_PARAM_C,item,a_2pl,b_2pl,a_2pl_linked,b_2pl_linked,p_value,a_3pl,b_3pl,c_3pl
136,126039,1.55327,-0.28917,0.18185,MT136,1.4413490209383133,-0.9563701405921757,6.324648445642521,0.999305057229969,0.7295106725734998,1.42616971826685,-0.947246993719066,0.0027873431111481
137,85504,2.21375,1.82985,0.15414,MT137,0.7138548236992944,1.4544499089898653,3.132399394967491,1.5487163245894344,0.2790497851908011,2.3835936515749,1.4973434046902,0.185045531171544
139,28932,2.39434,1.98395,0.11508,MT139,0.9077036555174584,1.7104702406983097,3.9830092715747756,1.6070618053888468,0.20581113801452786,2.83520655610798,1.51630719017266,0.117186880290334
140,125935,1.13247,0.13877,0.19155,MT140,1.084078294648761,-0.7089184849927522,4.756942282266635,1.0556977887142815,0.6453822137173935,1.08401390843445,-0.677498360440115,0.00264062241742446
141,126028,2.33037,1.91643,0.0839,MT141,0.9718126067487893,1.7465003804832306,4.264319747293594,1.6152728557182996,0.19002064347213132,3.11134870794122,1.49845335840485,0.102025240493978
142,13725,3.5851,1.4869,0.21903,MT142,1.0695495786785294,0.6118523193097377,4.693190186456776,1.356693444366397,0.3614263378221617,3.63815706909008,1.0310977402112,0.220209779173238
143,141513,1.72676,0.3783,0.17229,MT143,1.493150028285997,-0.5471422841839504,6.55195158724452,1.092565603684699,0.6317962142569472,1.49182184843212,-0.436316248149007,0.0458558651661707
145,27119,2.99818,0.86032,0.22079,MT145,1.7413662152038127,-0.16762843720124873,7.641125755310413,1.1790545076107226,0.5290234808021768,2.80509918371771,0.284352027450682,0.205335391272285
146,125902,2.40824,2.57722,0.04513,MT146,0.7694252319892202,3.461600457178689,3.3762426912884598,2.006133760889937,0.0827832921852169,3.05563667246953,2.10630188593494,0.0510315555559117
147,111754,2.95569,2.84307,0.24511,MT147,0.06552279989364351,16.61330404544216,0.2875144524202054,5.003327241845335,0.2520919447524952,0.0216834995488916,74.6645823687323,0.103906188460997
148,14366,1.52531,0.63295,0.18496,MT148,1.3863641416742323,-0.5045991665086687,6.083374454319433,1.1022609221732986,0.6164424965996675,1.38455752265613,-0.412822299346115,0.0312249415501063
149,125969,1.78452,0.74313,0.18879,MT149,1.5950781363664235,-0.14256327202465488,6.999212757837664,1.1847667067309489,0.5221247858078822,1.6370440064857,-0.0278887691198453,0.0268079415579266
150,48324,2.09451,2.44818,0.25838,MT150,0.3649188551060006,2.239547418638289,1.6012662000695193,1.7276352853187853,0.31100551033820334,2.07429895687181,2.04782313953332,0.267272645954457
151,31650,3.33563,1.08025,0.20912,MT151,1.5355503643736612,0.13506537356284623,6.738004525038164,1.2480365912061362,0.4459718026183283,2.76521670241361,0.569177254158768,0.18677364614308
152,141582,1.46956,2.91942,0.24283,MT152,0.23571418629157093,5.070393733657377,1.0343153117586772,2.3727679910568797,0.23478260869565218,3.26413278664227,2.27937370302657,0.218163249195317
153,117706,2.26306,1.45121,0.23837,MT153,0.9097296039226629,0.4529727021312019,3.991899145745285,1.3204857432371568,0.4066316745735339,2.19033076663334,1.00212350791159,0.240252698235256
154,141570,1.79257,0.86167,0.17314,MT154,1.352606822548966,-0.133042665954227,5.9352471285758845,1.186936395110673,0.5201229033395457,2.22834954542215,0.40718166055382,0.230403322695898
155,86783,3.58609,3.00088,0.19242,MT155,0.09580298818280213,14.824739132157056,0.42038410648367197,4.595724145988802,0.19503187291308308,5.24995428019494,2.37083556424016,0.187016014279717
156,24523,2.68656,2.50464,0.12713,MT156,0.46177407958882355,3.9697344667238728,2.026267525965491,2.121934419765769,0.1469519580137263,3.66065133144178,2.02448849135319,0.117879811721231
157,81743,1.72431,0.7783,0.18886,MT157,1.3167435818446793,-0.2276626596674607,5.777879005878989,1.165373072426118,0.5441346977869638,1.70244050998354,0.166440817231752,0.163860610436986
158,37441,3.01304,2.67185,0.08455,MT158,0.5242008667848361,4.130728918267057,2.300196655461611,2.158624078819964,0.1133114422834049,4.43774894417821,2.08070987591405,0.0908569182560201
159,32176,2.26313,1.23798,0.16267,MT159,1.229222035230859,0.45446950676309444,5.39383391637598,1.3208268559344485,0.3818530286982398,2.50294294605461,0.853062333403891,0.180851833018348
160,117633,1.37105,2.55621,0.17151,MT160,0.3804994801482095,3.169784087923105,1.6696340794129936,1.9396305802412015,0.23676767676767677,1.43158002441081,2.34563292744516,0.179702312633127
161,125977,2.04085,1.27709,0.27067,MT161,0.9020600283413073,0.28259379306431026,3.958245000514187,1.2816574232312765,0.43920282542885974,2.02086719101042,0.931514588197881,0.260168581715094
162,141540,2.11162,2.38012,0.17296,MT162,0.42325339164774184,3.243012247074548,1.8572385083074077,1.956318833573411,0.21023359288097887,2.61694419804351,2.03555521762184,0.172416470066661
163,81742,1.63418,1.34475,0.13956,MT163,1.2027261197500525,0.445030192897249,5.277569674872236,1.318675693555101,0.38580573617621855,1.57030757718352,0.677398215286407,0.0904733264545489
164,14389,0.96035,1.52433,0.14823,MT164,0.618494310357338,0.855573519466257,2.7139568708304522,1.412236027680974,0.37817924909164313,0.856588272533242,1.16860879991728,0.116341521995402
165,14994,2.70307,1.3682,0.16099,MT165,1.135063911504575,0.8137540062939814,4.980667485331835,1.402705614269853,0.315198705632521,2.23776546059303,1.05865269496614,0.139041395520544
166,117634,3.29744,2.42208,0.14073,MT166,0.2535683422237007,5.000476164289669,1.1126594587515357,2.3568342010572216,0.22254189380173633,5.3410635747819,1.97001980670494,0.199648443402992
167,111446,2.09757,1.52611,0.10674,MT167,1.0645166529582244,0.9322475893092359,4.6711056771730775,1.4297095831598834,0.3007162312115404,2.3113939458073,1.14672890175363,0.144595211894744
168,39385,2.28918,2.23364,0.23391,MT168,0.3161035854714131,3.2091139859207494,1.3870644940753485,1.948593625453867,0.27034531502423265,5.47093021417177,1.91293643367814,0.245772105988161
169,125929,1.58702,2.1908,0.24232,MT169,0.551251893766014,1.7282508626495514,2.418896729672757,1.611113901289727,0.28927995159338443,2.40744064081276,1.70405448377811,0.222917505785631
170,14410,2.38237,1.88674,0.10321,MT170,0.8799952916588042,1.83101124804052,3.8614247990673114,1.6345323698650929,0.19628526724877607,2.7794244860399,1.59531639626986,0.116574277362873
171,141567,1.18793,1.75696,0.15183,MT171,0.7357579122634881,1.332388342408015,3.2285102834684007,1.520899233884866,0.2907093913744458,1.09486785877675,1.45450837026007,0.09654989921635
172,98278,1.71891,2.19574,0.08744,MT172,0.6306244953451492,2.233943039548264,2.767184197809571,1.726358081315464,0.21313131313131314,1.46863660407389,1.93908991422678,0.119948968640187
173,81946,1.52639,1.16539,0.05545,MT173,1.200041314365374,0.6572305487104776,5.265788732188413,1.3670348676219035,0.34027742749054224,1.75594008783878,0.881000566239061,0.100703722572121
174,27330,1.94836,1.9392,0.17138,MT174,0.6117307887910294,1.849117950034975,2.684278496238311,1.6386587774301031,0.2584053794428434,2.3169455445575,1.69910175465039,0.186126850711185
175,16795,1.05676,1.98507,0.08392,MT175,0.7103468324543065,1.632959126355899,3.1170063076217924,1.5893974925453016,0.2576414808836881,1.24447486333841,1.64941365963281,0.109437044280646
176,141566,2.25456,2.26979,0.24366,MT176,0.3320728686988508,2.8751803526820963,1.4571378079467439,1.8724921757901285,0.2823249696479158,3.32434091283796,1.98364744033767,0.252997284867417
177,125884,3.44278,1.55674,0.09149,MT177,1.2689375013643598,1.021188824212131,5.568105628154501,1.4499787511539803,0.2613894354472529,3.09558130901741,1.15631889021254,0.119762818169477
178,84857,2.39559,1.53865,0.11866,MT178,0.7318088737388734,1.328327581524478,3.211181877923554,1.5199738111085561,0.2920367379895034,2.89808451055912,1.42605098459127,0.201272416966298
179,125888,2.2107,2.37234,0.31768,MT179,0.25016847004912096,2.6240917396033008,1.0977407985575316,1.8152706037548918,0.3434817732000404,3.04818154070449,2.05055539452514,0.317909813242614
180,125933,2.60187,2.11188,0.26394,MT180,0.31293539921417796,2.981219060706906,1.3731624731239735,1.8966577542102891,0.28627648839556,4.47883189736841,1.87921994986754,0.25719757104871
