item,a,se_a,n_obs,d1,b1,se_b1,d2,b2,se_b2,d3,b3,se_b3,item_version_id
B01,1.439978597971032,0.06607656741258583,1961,1.9805110049671548,-1.375375306103679,0.06171381846753303,0.038154035787180574,-0.026496251986620232,0.036678943863007775,-2.123520923396085,1.474689225512228,0.0640415552815025,belong6-B01-v1
B02,1.57974762228636,0.07612584630944284,1780,1.8032160934517214,-1.1414583367702347,0.054431133925121,-0.23477567924342901,0.1486159408827845,0.03713257908177989,-1.8701885701563101,1.1838527520298443,0.05629466870591314,belong6-B02-v1
B03,0.8858947976154917,0.05351801157614668,1961,1.0088899067384676,-1.1388371502508359,0.08152313453833172,0.27389115831732136,-0.30916894314600024,0.05653837875847267,-1.1053138029145304,1.2476806567660577,0.08881617489132732,belong6-B03-v1
B04,1.386250067915582,0.06963390613213755,1965,1.3199392730555737,-0.9521653441938396,0.05342334792347045,0.7162840281137934,-0.5167062167872967,0.04253277257124464,-1.4125717398048065,1.018987679422662,0.054207795860099404,belong6-B04-v1
B05,1.3745699927036976,0.06473156065533649,1955,1.182911895470615,-0.8605686882076463,0.050248879492846614,0.18281856774723648,-0.13300055196726884,0.0389367860526457,-1.8138515136679167,1.3195774120604644,0.06380005339989085,belong6-B05-v1
B06,0.9729380439547897,0.05466793410015785,1955,1.5161612589962248,-1.5583327925315227,0.09279244021603414,0.28021323401692144,-0.2880072742123571,0.05302832122945924,-0.7286310923568982,0.7488977298031899,0.06310522676781195,belong6-B06-v1
B07,1.4775609266554632,0.06795679065706321,1961,1.8360249739968078,-1.2426052563211365,0.057291255292120154,-0.32409380993441594,0.2193437875133984,0.037792457112218535,-1.2956581842007824,0.8768898532892128,0.048319328414584924,belong6-B07-v1
B08,1.2096144124765498,0.05953604889949907,1968,1.6480128674055317,-1.3624282667328758,0.07049098986775437,-0.3079362365359313,0.2545738818583241,0.04341757860302274,-1.8494660793084727,1.5289715964295585,0.07613821115580333,belong6-B08-v1
B09,2.008609246636888,0.08615990520394112,1954,2.521324994007094,-1.2552590794992458,0.04654976806350916,-0.21689655405389408,0.10798344895457118,0.030398024050912114,-2.3163152334591315,1.153193552871197,0.045388759750541414,belong6-B09-v1
B10,1.94409632374452,0.09020088925988522,1961,1.061616939505516,-0.5460721912485991,0.03490954672065108,-0.1441641245604557,0.07415482597219332,0.03008382831826113,-2.07549442135127,1.0675882650473123,0.04554700540476631,belong6-B10-v1
B11,1.239409325601189,0.06322032685644344,1961,1.1997551864527665,-0.9680056149898759,0.05720012025826832,0.6005257713859744,-0.48452578093575566,0.04623257179897534,-1.4320133470102432,1.1553998484847847,0.06374240467312906,belong6-B11-v1
B12,0.9482742741581339,0.05481536920869299,1957,1.5609715258846393,-1.6461181837611807,0.09875504848512141,0.3265774464410296,-0.34439133839306246,0.05470683627413245,-0.9676272510158279,1.0204086279519449,0.07286717619948363,belong6-B12-v1
