item_version_id,option,is_key,proportion,mean_ability,flag
math6-A01-v1,A,False,0.05209397344228805,0.3850348110258596,
math6-A01-v1,B,False,0.21041879468845762,0.37405135142049456,
math6-A01-v1,C,True,0.6174668028600613,0.5873846427843623,
math6-A01-v1,D,False,0.12002042900919306,0.36797307687686964,
math6-A02-v1,A,False,0.17349027635619244,0.4257824493492058,
math6-A02-v1,B,True,0.37871033776867963,0.6537135137678616,
math6-A02-v1,C,False,0.10388945752302968,0.4170245582218168,
math6-A02-v1,D,False,0.34390992835209827,0.4137625492390632,
math6-A03-v1,A,True,0.7322794492605813,0.56849273435579,
math6-A03-v1,B,False,0.14992350841407445,0.3339980166732607,
math6-A03-v1,C,False,0.08414074451810301,0.3380113386832755,
math6-A03-v1,D,False,0.033656297807241206,0.33439027485470174,
math6-A04-v1,A,False,0.40978593272171254,0.4438047329230003,
math6-A04-v1,B,False,0.1946992864424057,0.44546284772212386,
math6-A04-v1,C,False,0.0891946992864424,0.43522989432927317,
math6-A04-v1,D,True,0.30632008154943935,0.6554155772125823,
math6-A05-v1,A,False,0.32754215636177825,0.413437200955006,
math6-A05-v1,B,True,0.4067450178845171,0.6566646520764939,
math6-A05-v1,C,False,0.18395503321410323,0.3840931311040007,
math6-A05-v1,D,False,0.08175779253960143,0.4153142351308112,
math6-A06-v1,A,False,0.13784333672431331,0.31945277301446084,
math6-A06-v1,B,False,0.07222787385554426,0.3161031405826262,
math6-A06-v1,C,True,0.7487283825025433,0.5690134694483998,
math6-A06-v1,D,False,0.041200406917599186,0.3139506986125344,
math6-A07-v1,A,True,0.7346524606798579,0.5693232934592831,
math6-A07-v1,B,False,0.1415525114155251,0.3422145552229704,
math6-A07-v1,C,False,0.04058853373921867,0.319824604743083,
math6-A07-v1,D,False,0.08320649416539827,0.3358338153539638,
math6-A08-v1,A,False,0.2032520325203252,0.3436337168266516,
math6-A08-v1,B,False,0.04725609756097561,0.3539666854884246,
math6-A08-v1,C,True,0.6387195121951219,0.594435318063003,
math6-A08-v1,D,False,0.11077235772357724,0.35296947767031533,
math6-A09-v1,A,False,0.30275229357798167,0.4424122966283704,
math6-A09-v1,B,True,0.45718654434250766,0.5809968491915563,
math6-A09-v1,C,False,0.15749235474006115,0.44243366853117805,
math6-A09-v1,D,False,0.08256880733944955,0.4485541520565675,
math6-A10-v1,A,False,0.1770091556459817,0.40490419022090685,
math6-A10-v1,B,False,0.07782299084435401,0.41234627359947057,
math6-A10-v1,C,False,0.3199389623601221,0.4199235190283783,
math6-A10-v1,D,True,0.4252288911495422,0.6316567053188127,
math6-A11-v1,A,True,0.7155216284987277,0.5727141771478156,
math6-A11-v1,B,False,0.07633587786259542,0.319095928226363,
math6-A11-v1,C,False,0.16743002544529262,0.3498615828469139,
math6-A11-v1,D,False,0.04071246819338423,0.3649312417654809,
math6-A12-v1,A,False,0.2805314256515074,0.38388676672710886,
math6-A12-v1,B,True,0.48901379662749106,0.6428484645910024,
math6-A12-v1,C,False,0.15074092999489014,0.3795366497908871,
math6-A12-v1,D,False,0.0797138477261114,0.35500595419073677,
math6-A13-v1,A,False,0.18177189409368635,0.3274341357096198,
math6-A13-v1,B,False,0.05804480651731161,0.3228752051406514,
math6-A13-v1,C,True,0.6593686354378818,0.6022693480768015,
math6-A13-v1,D,False,0.10081466395112017,0.31563767260407577,
math6-A14-v1,A,True,0.482899438489025,0.6064123699935815,
math6-A14-v1,B,False,0.07299642674834099,0.45045155766499634,
math6-A14-v1,C,False,0.1633486472690148,0.4057776621023904,
math6-A14-v1,D,False,0.28075548749361917,0.40863726194753863,
math6-A15-v1,A,False,0.11133810010214505,0.4302558895698106,
math6-A15-v1,B,False,0.20122574055158324,0.4285125866923484,
math6-A15-v1,C,False,0.3712972420837589,0.43616430566224235,
math6-A15-v1,D,True,0.31613891726251275,0.6663497526565589,
math6-A16-v1,A,False,0.07310838445807771,0.39624390760754397,
math6-A16-v1,B,True,0.5449897750511248,0.5886412103273185,
math6-A16-v1,C,False,0.12934560327198363,0.38950354079671834,
math6-A16-v1,D,False,0.25255623721881393,0.4196146149807477,
math6-A17-v1,A,False,0.05495634309193631,0.3895820250452514,
math6-A17-v1,B,False,0.18284540318438625,0.3835798930754964,
math6-A17-v1,C,True,0.6656394453004623,0.5664124857965438,
math6-A17-v1,D,False,0.09655880842321521,0.4015320460452283,
math6-A18-v1,A,True,0.24324324324324326,0.7430712650154815,
math6-A18-v1,B,False,0.11575726670066293,0.43432533118417044,
math6-A18-v1,C,False,0.4140744518103009,0.42986970104928984,
math6-A18-v1,D,False,0.22692503824579296,0.4304759155516361,
math6-A19-v1,A,False,0.13513513513513514,0.45298964093057614,
math6-A19-v1,B,True,0.12697603263641,0.7456780821762486,
math6-A19-v1,C,False,0.24834268230494647,0.47741425761691814,
math6-A19-v1,D,False,0.4895461499235084,0.47620035271190164,
math6-A20-v1,A,False,0.2849104859335038,0.4054254393123334,
math6-A20-v1,B,False,0.07877237851662404,0.3756071239131657,
math6-A20-v1,C,False,0.16010230179028134,0.40309384901342116,
math6-A20-v1,D,True,0.4762148337595908,0.6220379233151848,
math6-A21-v1,A,False,0.042239185750636135,0.342733440821445,
math6-A21-v1,B,False,0.15470737913486005,0.344351491376663,
math6-A21-v1,C,True,0.7150127226463104,0.5699285509992612,
math6-A21-v1,D,False,0.08804071246819338,0.36570566904821744,
math6-A22-v1,A,True,0.4122762148337596,0.6368281379676891,
math6-A22-v1,B,False,0.3207161125319693,0.4145175491129308,
math6-A22-v1,C,False,0.08695652173913043,0.40894517886205867,
math6-A22-v1,D,False,0.18005115089514068,0.4241918675033794,
math6-A23-v1,A,False,0.0888661899897855,0.40127852740296516,
math6-A23-v1,B,True,0.45045965270684374,0.6508473472204617,
math6-A23-v1,C,False,0.17058222676200205,0.39423627335954853,
math6-A23-v1,D,False,0.2900919305413687,0.3827764843342002,
math6-A24-v1,A,False,0.32719836400818,0.3948259134434406,
math6-A24-v1,B,False,0.07515337423312883,0.4182525918328935,
math6-A24-v1,C,True,0.4171779141104294,0.6528672733915701,
math6-A24-v1,D,False,0.18047034764826175,0.4100832502883248,
