item,n_administered,n_valid,omission_rate,p_value,r_pbis_corrected,state,flags,n_complete_cases
math6-A01-v1,2000,1958,0.02100000000000002,0.6174668028600613,0.36663333747825694,ok,,1221
math6-A02-v1,2000,1954,0.02300000000000002,0.37871033776867963,0.4234313547715934,ok,,1221
math6-A03-v1,2000,1961,0.019499999999999962,0.7322794492605813,0.39767096980112243,ok,,1221
math6-A04-v1,2000,1962,0.019000000000000017,0.30632008154943935,0.33452542620536097,ok,,1221
math6-A05-v1,2000,1957,0.021499999999999964,0.32907511497189573,0.4386777918316291,ok,,1221
math6-A06-v1,2000,1966,0.017000000000000015,0.7487283825025433,0.4106816646209852,ok,,1221
math6-A07-v1,2000,1971,0.014499999999999957,0.7346524606798579,0.3824960484571203,ok,,1221
math6-A08-v1,2000,1968,0.016000000000000014,0.6387195121951219,0.479028454787565,ok,,1221
math6-A09-v1,2000,1962,0.019000000000000017,0.45718654434250766,0.20053484058388116,ok,,1221
math6-A10-v1,2000,1966,0.017000000000000015,0.4252288911495422,0.3722686948962527,ok,,1221
math6-A11-v1,2000,1965,0.01749999999999996,0.7155216284987277,0.4112498682318283,ok,,1221
math6-A12-v1,2000,1957,0.021499999999999964,0.48901379662749106,0.5323785673405618,ok,,1221
math6-A13-v1,2000,1964,0.018000000000000016,0.5957230142566191,0.5285019328728021,ok,,1221
math6-A14-v1,2000,1959,0.020499999999999963,0.482899438489025,0.3468209259071389,ok,,1221
math6-A15-v1,2000,1958,0.02100000000000002,0.31613891726251275,0.4217142090207807,ok,,1221
math6-A16-v1,2000,1956,0.02200000000000002,0.5449897750511248,0.28918873180819954,ok,,1221
math6-A17-v1,2000,1947,0.026499999999999968,0.6656394453004623,0.27898759158180264,ok,,1221
math6-A18-v1,2000,1961,0.019499999999999962,0.24324324324324326,0.5359961686234167,ok,,1221
math6-A19-v1,2000,1961,0.019499999999999962,0.12697603263641,0.34474084498996527,ok,,1221
math6-A20-v1,2000,1955,0.022499999999999964,0.4762148337595908,0.41347312685615645,ok,,1221
math6-A21-v1,2000,1965,0.01749999999999996,0.7699745547073792,0.3345883503941449,ok,,1221
math6-A22-v1,2000,1955,0.022499999999999964,0.4122762148337596,0.42246261015149766,ok,,1221
math6-A23-v1,2000,1958,0.02100000000000002,0.45045965270684374,0.5170607379710589,ok,,1221
math6-A24-v1,2000,1956,0.02200000000000002,0.4171779141104294,0.45503722398862867,ok,,1221
